GRAPH,TAG,ORTH,LEM
,,,
# Abréviations,,,
T.S.F.,SUB,,
D.C.A.,SUB,,
P.S.,NAMEorg,,
NUM,NUM,,
,,,
# Organisation,,,
action française,NAMEorg,Action Française,
Action française,NAMEorg,Action Française,
Action Française,NAMEorg,,
Assemblée nationale,NAMEorg,,
Assemblée,NAMEorg,Assemblée nationale,
État,NAMEorg,,
États,NAMEorg,État,
SAMU,NAMEorg,SAMU,
Samu,NAMEorg,SAMU,
samu,NAMEorg,SAMU,
Société,NAMEorg,,
Société,NAMEorg,,
Société générale,NAMEorg,,
Sûreté générale,NAMEorg,,
Unesco,NAMEorg,,
Unicef,NAMEorg,,
,,,
# Événements
Austerlitz,NAMEevent,,
Renaissance,NAMEevent,,
Révolution,NAMEevent,,
Waterloo,NAMEevent,,

,,,
,,,
# Autres personne,,,
,,,
général de Gaulle,NAMEpers,de Gaulle,
Général de Gaulle,NAMEpers,de Gaulle,
de Gaulle,NAMEpers,de Gaulle,
Charles de Gaulle,NAMEpers,de Gaulle,
De Gaulle,NAMEpers,de Gaulle,
Dreyfus,NAMEpers,,
Duguesclin,NAMEpers,Du Guesclin,
Du Guesclin,NAMEpers,,
Durer,NAMEpers,Dürer,
Éléonore de Guienne,NAMEpers,Aliénor d'Aquitaine,
Éliogabale,NAMEpers,Héliogabale,
François Ier,NAMEpers,,
Gandhi,NAMEpers,,
Halévy,NAMEpers,,
Halevy,NAMEpers,,
Henri II,NAMEpers,,
Henri III,NAMEpers,,
Henri IV,NAMEpers,,
Hitler,NAMEpers,,
Louis le Grand,NAMEpers,,
Louis IX,NAMEpers,,
Louis XI,NAMEpers,,
Louis XIII,NAMEpers,,
Louis XIV,NAMEpers,,
Louis XV,NAMEpers,,
Louis XVI,NAMEpers,,
Louis XVII,NAMEpers,,
Louis XVIII,NAMEpers,,
Lefebvre,NAMEpers,,
Lefèvre,NAMEpers,,
Maurois,NAMEpers,,
Mussolini,NAMEpers,,
République,NAMEorg,,
de Rougemont,NAMEpers,Rougemont,
Denis de Rougemont,NAMEpers,Rougemont,
Thiers,NAMEpers,,
,,,
,,,
# Dieux,,,
Christ,NAMEpers,,
Ciel,NAMEgod,,
Dieu,NAMEgod,,
Jésus,NAMEgod,Jésus-Christ,
Jésus-Christ,NAMEgod,Jésus-Christ,
Jésus-christ,NAMEgod,Jésus-Christ,
Jesus-Christ,NAMEgod,Jésus-Christ,
Saint-Sacrement,NAMEgod,,
Seigneur,NAMEgod,,
,,,
Achéloüs,NAMEgod,,
Aglaé,NAMEgod,,
Ahriman,NAMEgod,,
Alecton,NAMEgod,,
Alphée,NAMEgod,,
Ammon,NAMEgod,,
Amphitrite,NAMEgod,,
Amschaspands,NAMEgod,,
Antée,NAMEgod,,
Apollon,NAMEgod,,
Arcas,NAMEgod,,
Aréthuse,NAMEgod,,
Atlas,NAMEgod,,
Atropos,NAMEgod,,
Aurore,NAMEgod,,
Auster,NAMEgod,,
Bacchus,NAMEgod,,
Bellone,NAMEgod,,
Brahm,NAMEgod,,
Brahma,NAMEgod,,
Brahmâ,NAMEgod,,
Briarée,NAMEgod,,
Cahos,NAMEgod,,
Calisto,NAMEgod,,
Calliope,NAMEgod,,
Caron,NAMEgod,,
Céphise,NAMEgod,,
Cérès,NAMEgod,,
Charon,NAMEgod,,
Charybde,NAMEgod,,
Chiron,NAMEgod,,
Circé,NAMEgod,,
Clio,NAMEgod,,
Clotho,NAMEgod,,
Clytie,NAMEgod,,
Comus,NAMEgod,,
Coronis,NAMEgod,,
Cupidon,NAMEgod,,
Cybèle,NAMEgod,,
Cyrène,NAMEgod,,
Cythère,NAMEgod,,
# Diane,NAMEgod,,
Doris,NAMEgod,,
Dryope,NAMEgod,,
Eaque,NAMEgod,,
Eglé,NAMEgod,,
Éole,NAMEgod,,
Éole,NAMEgod,,
Eole,NAMEgod,Éole,
Eole,NAMEgod,Éole,
Epiméthée,NAMEgod,,
Erato,NAMEgod,,
Erèbe,NAMEgod,,
Érèbe,NAMEgod,,
Euménides,NAMEgod,,
Eurus,NAMEgod,,
Euterpe,NAMEgod,,
Fauna,NAMEgod,,
Flore,NAMEgod,,
Ganymède,NAMEgod,,
Géans,NAMEgod,,
Glaucus,NAMEgod,,
Gorgones,NAMEgod,,
Hamadryades,NAMEgod,,
Harpocrate,NAMEgod,,
Hébé,NAMEgod,,
Hécate,NAMEgod,,
Hermès,NAMEgod,,
Hespérides,NAMEgod,,
Horus,NAMEgod,,
Hyades,NAMEgod,,
Ino,NAMEgod,,
Iris,NAMEgod,,
Isis,NAMEgod,,
Izeds,NAMEgod,,
Janus,NAMEgod,,
Japet,NAMEgod,,
Junon,NAMEgod,,
Jupiter Ammon,NAMEgod,,
Jupiter,NAMEgod,,
Lachésis,NAMEgod,,
Lucine,NAMEgod,,
Mars,NAMEgod,,
Marsyas,NAMEgod,,
Melpomène,NAMEgod,,
Mercure,NAMEgod,,
Minerve,NAMEgod,,
Minos,NAMEgod,,
Mithra,NAMEgod,,
Mnémosyne,NAMEgod,,
Momus,NAMEgod,,
Morphée,NAMEgod,,
Némésis,NAMEgod,,
Neptune,NAMEgod,,
Nérée,NAMEgod,,
Nessus,NAMEgod,,
Océanides,NAMEgod,,
Odin,NAMEgod,,
Oréades,NAMEgod,,
Orion,NAMEgod,,
Ormuzd,NAMEgod,,
Osiris,NAMEgod,,
Palès,NAMEgod,,
Pallas,NAMEgod,,
Pan,NAMEgod,,
Parque,NAMEgod,,
Parques,NAMEgod,,
Pénée,NAMEgod,,
Phébé,NAMEgod,,
Phébus,NAMEgod,,
Phorcys,NAMEgod,,
Pitys,NAMEgod,,
Pluton,NAMEgod,,
Plutus,NAMEgod,,
Pollux,NAMEgod,,
Polymnie,NAMEgod,,
Polyphème,NAMEgod,,
Pomone,NAMEgod,,
Priape,NAMEgod,,
Prométhée,NAMEgod,,
Proserpine,NAMEgod,,
Protée,NAMEgod,,
Rama,NAMEgod,,
Rhéa,NAMEgod,,
Rhée,NAMEgod,,
Saturne,NAMEgod,,
Scylla,NAMEgod,,
Sérapis,NAMEgod,,
Siva,NAMEgod,,
Syrènes,NAMEgod,,
Tellus,NAMEgod,,
Terpsichore,NAMEgod,,
Téthys,NAMEgod,,
Thalie,NAMEgod,,
Thémis,NAMEgod,,
Thétis,NAMEgod,,
Tisiphone,NAMEgod,,
Titan,NAMEgod,,
Titéa,NAMEgod,,
Titye,NAMEgod,,
Trimourti,NAMEgod,,
Typhée,NAMEgod,,
Uranie,NAMEgod,,
Uranus,NAMEgod,,
Vénus,NAMEgod,,
Vertumne,NAMEgod,,
Vesta,NAMEgod,,
Vichnou,NAMEgod,,
Ymer,NAMEgod,,
Zéphire,NAMEgod,,
Zéphyre,NAMEgod,,
Zervane-Akérène,NAMEgod,,
,,,
# Héros et demi-dieux,,,
,,,
Absyrte,NAMEgod,,
Acrisius,NAMEgod,,
Actéon,NAMEgod,,
Admète,NAMEgod,,
Adonis,NAMEgod,,
Adraste,NAMEgod,,
Agamemnon,NAMEgod,,
Agénor,NAMEgod,,
Ajax,NAMEgod,,
Alcide,NAMEgod,,
Alcmène,NAMEgod,,
Alcyone,NAMEgod,,
Amazone,NAMEgod,,
Amphion,NAMEgod,,
Anchise,NAMEgod,,
Andromaque,NAMEgod,,
Andromède,NAMEgod,,
Antigone,NAMEgod,,
Antiope,NAMEgod,,
Arachné,NAMEgod,,
Argonautes,NAMEgod,,
Arion,NAMEgod,,
Aristée,NAMEgod,,
Artémise,NAMEgod,,
Ascalaphe,NAMEgod,,
Athamas,NAMEgod,,
Atrée,NAMEgod,,
Baucis,NAMEgod,,
Bellérophon,NAMEgod,,
Busiris,NAMEgod,,
Cadmus,NAMEgod,,
Calchas,NAMEgod,,
Cécrops,NAMEgod,,
Céphale,NAMEgod,,
Céyx,NAMEgod,,
Cham,NAMEgod,,
Clymène,NAMEgod,,
Clytemnestre,NAMEgod,,
Créon,NAMEgod,,
Créuse,NAMEgod,,
Cumane,NAMEgod,,
Curètes,NAMEgod,,
Cyparisse,NAMEgod,,
Danaé,NAMEgod,,
Danaïdes,NAMEgod,,
Danaüs,NAMEgod,,
Daphnis,NAMEgod,,
Déjanire,NAMEgod,,
Deucalion,NAMEgod,,
Didon,NAMEgod,,
Diomède,NAMEgod,,
Eétès,NAMEgod,,
Éétès,NAMEgod,,
Égée,NAMEgod,,
Egée,NAMEgod,Égée,
Egiste,NAMEgod,,
Egisthe,NAMEgod,,
Électre,NAMEgod,,
Electre,NAMEgod,Électre,
Endymion,NAMEgod,,
Enée,NAMEgod,,
Énée,NAMEgod,,
Enée,NAMEgod,Énée,
Erostrate,NAMEgod,,
Esculape,NAMEgod,,
Eson,NAMEgod,,
Etéocle,NAMEgod,,
Étéocle,NAMEgod,,
Euridice,NAMEgod,,
Eurydice,NAMEgod,,
Eurynome,NAMEgod,,
Eurysthée,NAMEgod,,
Hécube,NAMEgod,,
Hellé,NAMEgod,,
Hermione,NAMEgod,,
Hésione,NAMEgod,,
Hippodamie,NAMEgod,,
Hyacinthe,NAMEgod,,
Hylas,NAMEgod,,
Icare,NAMEgod,,
Icarius,NAMEgod,,
Io,NAMEgod,,
Iobate,NAMEgod,,
Iole,NAMEgod,,
Iphigénie,NAMEgod,,
Ismène,NAMEgod,,
Ixion,NAMEgod,,
Jason,NAMEgod,,
Jocaste,NAMEgod,,
Laocoon,NAMEgod,,
Laomédon,NAMEgod,,
Latone,NAMEgod,,
Lavinie,NAMEgod,,
Léda,NAMEgod,,
Linus,NAMEgod,,
Lycaon,NAMEgod,,
Lycomède,NAMEgod,,
Lycurgue,NAMEgod,,
Lyncée,NAMEgod,,
Mausole,NAMEgod,,
Médée,NAMEgod,,
Mélicerte,NAMEgod,,
Memnon,NAMEgod,,
Ménélas,NAMEgod,,
Mérope,NAMEgod,,
Midas,NAMEgod,,
Moïse,NAMEgod,,
Narcisse,NAMEgod,,
Nestor,NAMEgod,,
Niobé,NAMEgod,,
Nisus,NAMEgod,,
Noé,NAMEgod,,
Numa Pompilius,NAMEgod,,
Numa,NAMEgod,,
Œnée,NAMEgod,,
Œnomaüs,NAMEgod,,
Oreste,NAMEgod,,
Orphée,NAMEgod,,
Pandore,NAMEgod,,
Pâris,NAMEgod,,
Pasiphaé,NAMEgod,,
Patrocle,NAMEgod,,
Pélée,NAMEgod,,
Pélias,NAMEgod,,
Pélops,NAMEgod,,
Pénélope,NAMEgod,,
Penthée,NAMEgod,,
Penthésilée,NAMEgod,,
Persée,NAMEgod,,
Philémon,NAMEgod,,
Philoctète,NAMEgod,,
Philomèle,NAMEgod,,
Phinée,NAMEgod,,
Phlégyas,NAMEgod,,
Phryxus,NAMEgod,,
Picus,NAMEgod,,
Pirithoüs,NAMEgod,,
Pitthée,NAMEgod,,
Polydecte,NAMEgod,,
Polynice,NAMEgod,,
Priam,NAMEgod,,
Procris,NAMEgod,,
Procuste,NAMEgod,,
Progné,NAMEgod,,
Pyrénée,NAMEgod,,
Pyrrha,NAMEgod,,
Pyrrhus,NAMEgod,,
Rémus,NAMEgod,,
Rhadamanthe,NAMEgod,,
Romulus,NAMEgod,,
Saliens,NAMEgod,,
Salmonée,NAMEgod,,
Sémélé,NAMEgod,,
Sibylle,NAMEgod,,
Sisyphe,NAMEgod,,
Sybille,NAMEgod,,
Tantale,NAMEgod,,
Télamon,NAMEgod,,
Télémaque,NAMEgod,,
Teucer,NAMEgod,,
Thésée,NAMEgod,,
Thisbé,NAMEgod,,
Thyeste,NAMEgod,,
Tirésias,NAMEgod,,
Tithon,NAMEgod,,
Triptolème,NAMEgod,,
Tydée,NAMEgod,,
Tyndare,NAMEgod,,
Ulysse,NAMEgod,,
Zoroastre,NAMEgod,,
